SLNO,RO NAME,BR CODE,BR NAME,ATM ID,LAST TXT DT,DENOM TRAY1,NO OF NOTES,DENOM TRAY2,NO OF NOTES,DENOM TRAY3,NO OF NOTES,DENOM TRAY4,NO OF NOTES,TOTAL CASH AVAILABLE
1,R.O.DINDIGUL,1317,N PARAIPATTI,IOBC3279,47:44.0,100,1,500,0,200,0,2000,0,100
2,R.O.DINDIGUL,2286,BATLAGUNDU,IOBD5382,24:48.0,100,0,500,37,200,3,2000,0,19100
3,R.O.DINDIGUL,1221,MARAMBADI,IOBC1997,33:33.0,100,6,500,154,200,3,2000,0,78200
4,R.O.DINDIGUL,2704,T SUBBULAPURAM,IOBC8612,05:32.0,100,10,500,263,200,11,2000,0,134700
5,R.O.DINDIGUL,3346,VANGAMANUTHU,IOBC9774,23:27.0,100,127,500,268,200,75,2000,0,161700
6,R.O.DINDIGUL,2705,VEMBARPATTI-GOPALPATTI,IOBC8620,36:09.0,100,102,500,328,200,17,2000,0,177600
7,R.O.DINDIGUL,1919,UTHAMAPALAYAM,IOBC1994,19:13.0,100,48,500,351,200,15,2000,0,183300
8,R.O.DINDIGUL,332,DINDIGUL-MAIN,IOBC8602,10:30.0,100,0,500,400,200,0,2000,0,200000
9,R.O.DINDIGUL,1830,COLLECTORATE BRANCH - DINDIGUL,IOBC1571,13:23.0,100,2,500,400,200,0,2000,0,200200
10,R.O.DINDIGUL,1931,PERIYAKULAM,IOBC3407,20:01.0,100,17,500,426,200,14,2000,0,217500
11,R.O.DINDIGUL,1896,THENI MEDICAL COLLEGE,IOBD5427,01:46.0,100,0,500,441,200,0,2000,0,220500
12,R.O.DINDIGUL,2286,BATLAGUNDU,IOBC8607,32:25.0,100,97,500,453,200,16,2000,0,239400
13,R.O.DINDIGUL,1401,SILUKKUWARPATTI,IOBC1969,14:55.0,100,327,500,367,200,130,2000,0,242200
14,R.O.DINDIGUL,2287,ANDIPATTY JAKKAMPATTI,IOBC9775,21:57.0,100,105,500,495,200,53,2000,0,268600
15,R.O.DINDIGUL,3920,BALAKRISHNAPURAM,IOBC9882,19:36.0,100,517,500,396,200,110,2000,0,271700
16,R.O.DINDIGUL,3347,ANAIPATTI,IOBC9244,59:00.0,100,124,500,439,200,402,2000,0,312300
17,R.O.DINDIGUL,243,PATTIVEERANPATTI,IOBC1291,22:41.0,100,4,500,615,200,43,2000,0,316500
18,R.O.DINDIGUL,924,PUDUCHATRAM,IOBC8609,12:53.0,100,115,500,809,200,24,2000,0,420800
19,R.O.DINDIGUL,174,THENI,IOBC3388,23:15.0,100,29,500,847,200,25,2000,0,431400
20,R.O.DINDIGUL,2286,BATLAGUNDU,IOBC3433,14:56.0,100,12,500,859,200,9,2000,0,432500
21,R.O.DINDIGUL,2287,ANDIPATTY JAKKAMPATTI,IOBC3280,04:39.0,100,9,500,923,200,6,2000,0,463600
22,R.O.DINDIGUL,3436,KODAIKANAL,IOBC1904,18:10.0,100,141,500,909,200,9,2000,0,470400
23,R.O.DINDIGUL,174,THENI,IOBC8606,24:37.0,100,18,500,969,200,17,2000,0,489700
24,R.O.DINDIGUL,2098,R. M. COLONY - DINDIGUL,IOBC2195,23:19.0,100,303,500,833,200,227,2000,0,492200
25,R.O.DINDIGUL,3437,DHARUMATHUPATTI,IOBC2001,07:11.0,100,434,500,783,200,317,2000,0,498300
26,R.O.DINDIGUL,176,CUMBUM,IOBC3411,08:45.0,100,0,500,1000,200,0,2000,0,500000
27,R.O.DINDIGUL,2706,KOTHAPULLI-REDDIYARCHATRAM,IOBC1993,24:33.0,100,106,500,1014,200,45,2000,0,526600
28,R.O.DINDIGUL,1044,LAKSHMIPURAM,IOBC8613,20:26.0,100,11,500,1061,200,10,2000,0,533600
29,R.O.DINDIGUL,1560,CHINNAMANUR,IOBC3410,24:21.0,100,121,500,956,200,283,2000,0,546700
30,R.O.DINDIGUL,2461,VADAMADURAI,IOBC8608,21:57.0,100,315,500,943,200,245,2000,0,552000
31,R.O.DINDIGUL,1220,SALAIYUR,IOBC1991,45:38.0,100,1006,500,795,200,350,2000,0,568100
32,R.O.DINDIGUL,2686,CHINNALAPATTI,IOBC2007,22:07.0,100,29,500,1160,200,11,2000,0,585100
33,R.O.DINDIGUL,2574,BODINAYAKANUR,IOBC1535,24:13.0,100,216,500,1175,200,34,2000,0,615900
34,R.O.DINDIGUL,2288,NATHAM,IOBC1990,17:44.0,100,96,500,1291,200,10,2000,0,657100
35,R.O.DINDIGUL,3164,SENDURAI,IOBC1996,24:01.0,100,561,500,1033,200,440,2000,0,660600
36,R.O.DINDIGUL,911,KALWARPATTI,IOBD5487,15:04.0,100,668,500,1243,200,0,2000,0,688300
37,R.O.DINDIGUL,883,RASINGAPURAM,IOBC2054,24:29.0,100,10,500,1380,200,9,2000,0,692800
38,R.O.DINDIGUL,1931,PERIYAKULAM,IOBC2056,17:56.0,100,0,500,1400,200,0,2000,0,700000
39,R.O.DINDIGUL,2464,NILAKOTTAI,IOBC8617,21:48.0,100,12,500,1320,200,287,2000,0,718600
40,R.O.DINDIGUL,1560,CHINNAMANUR,IOBC2234,20:59.0,100,372,500,992,200,985,2000,0,730200
41,R.O.DINDIGUL,2703,THENI PALANICHETTIPATTI,IOBC8616,19:14.0,100,32,500,1452,200,13,2000,0,731800
42,R.O.DINDIGUL,2574,BODINAYAKANUR,IOBC3434,17:51.0,100,645,500,1356,200,31,2000,0,748700
43,R.O.DINDIGUL,3165,PONNAGARAM-ADIYANUTHU,IOBC1995,24:10.0,100,498,500,1287,200,352,2000,0,763700
44,R.O.DINDIGUL,232,PANNAIKADU,IOBC2078,23:59.0,100,11,500,1591,200,10,2000,0,798600
45,R.O.DINDIGUL,1789,TAMARAIKULAM,IOBC2245,23:07.0,100,460,500,1602,200,5,2000,0,848000
46,R.O.DINDIGUL,175,AYAKUDI,IOBC1992,24:22.0,100,88,500,1792,200,108,2000,0,926400
47,R.O.DINDIGUL,230,VEDASANDUR,IOBC2193,23:07.0,100,307,500,1808,200,16,2000,0,937900
48,R.O.DINDIGUL,2685,DINDIGUL-SILAPADI,IOBC1569,24:03.0,100,108,500,1794,200,210,2000,0,949800
49,R.O.DINDIGUL,3166,THADIKOMBU,IOBC2233,23:27.0,100,23,500,1913,200,11,2000,0,961000
50,R.O.DINDIGUL,1314,DINDIGUL-FORT,IOBC3278,16:07.0,100,0,500,2050,200,0,2000,0,1025000
51,R.O.DINDIGUL,376,PALANI,IOBC8619,22:59.0,100,64,500,2080,200,13,2000,0,1049000
52,R.O.DINDIGUL,376,PALANI,IOBC8605,23:15.0,100,149,500,2115,200,130,2000,0,1098400
53,R.O.DINDIGUL,174,THENI,IOBC3524,21:58.0,100,13,500,2206,200,8,2000,0,1105900
54,R.O.DINDIGUL,1013,REDDIAPATTI,IOBC1999,22:36.0,100,30,500,2219,200,10,2000,0,1114500
55,R.O.DINDIGUL,1314,DINDIGUL-FORT,IOBD7042,55:15.0,100,484,500,1964,200,427,2000,0,1115800
56,R.O.DINDIGUL,1314,DINDIGUL-FORT,IOBC3060,34:53.0,100,225,500,2342,200,46,2000,0,1202700
57,R.O.DINDIGUL,332,DINDIGUL-MAIN,IOBD4216,53:45.0,100,556,500,2345,200,542,2000,0,1336500
58,R.O.DINDIGUL,332,DINDIGUL-MAIN,IOBC3437,14:45.0,100,7,500,2714,200,9,2000,0,1359500
59,R.O.DINDIGUL,1316,PALAYAM,IOBD7139,19:05.0,100,0,500,2573,200,464,2000,0,1379300
60,R.O.DINDIGUL,910,SEMBATTI,IOBC1989,21:25.0,100,241,500,2744,200,52,2000,0,1406500
61,R.O.DINDIGUL,237,SITHAYANKOTTAI,IOBC1985,23:56.0,100,189,500,2710,200,380,2000,0,1449900
62,R.O.DINDIGUL,1314,DINDIGUL-FORT,IOBC8603,15:21.0,100,1021,500,2590,200,817,2000,0,1560500
63,R.O.DINDIGUL,332,DINDIGUL-MAIN,IOBD5188,50:14.0,100,458,500,3083,200,0,2000,0,1587300
64,R.O.DINDIGUL,1830,COLLECTORATE BRANCH - DINDIGUL,IOBD7136,23:44.0,100,894,500,2934,200,1318,2000,0,1820000
65,R.O.DINDIGUL,2702,KAMAYAGOUNDANPATTI,IOBD7133,12:21.0,100,1759,500,3640,200,1734,2000,0,2342700
66,R.O.DINDIGUL,2705,VEMBARPATTI-GOPALPATTI,IOBC1573,24:40.0,100,284,500,4684,200,51,2000,0,2380600
67,R.O.DINDIGUL,1258,ODDANCHATRAM,IOBC3017,19:07.0,100,1947,500,6525,200,695,2000,0,3596200