id,campaignId,branchId,targetValue
1e9d27a3-1f3f-4c8e-9942-4301e2c89e24,aa4c8169-0742-4d80-813a-d14fbb5133bd,e169de9b-e18f-4a53-aade-923b0f360a35,8928
c8283f67-f8f3-44b9-b1fd-978ee40ea11c,aa4c8169-0742-4d80-813a-d14fbb5133bd,c8a6b511-1a98-482f-9d84-5be9ad456e11,8928
40ae9b85-ba60-41e1-b612-d7a75c5bf98c,aa4c8169-0742-4d80-813a-d14fbb5133bd,4a736fae-a521-4c88-9beb-63af15c44cd4,8928
a4caa77e-9a0f-4a66-ba06-c8b73f3d35ab,aa4c8169-0742-4d80-813a-d14fbb5133bd,43ec63eb-aa87-4ae6-88d6-8a1a8e4fb38a,8928
388fa75d-346e-4fc4-820a-6976250c1690,aa4c8169-0742-4d80-813a-d14fbb5133bd,1744f22b-1e05-4e64-9d13-68614215e5c0,8928
ae9a0bcf-d330-48f4-80e5-c29db8e7ff1c,aa4c8169-0742-4d80-813a-d14fbb5133bd,3cc2177f-b5f0-44d1-8342-4cd437892828,8928
ab4a7481-4b5b-44dd-bc72-3840370575b5,aa4c8169-0742-4d80-813a-d14fbb5133bd,e99f625c-0658-4f50-8184-a276c14c9b25,8928
a5e9a9d1-5e72-43db-8a9c-de06e2dfe2fa,aa4c8169-0742-4d80-813a-d14fbb5133bd,cc0f7bae-8255-42a7-b03b-d77b900261e9,8928
34a88012-46ad-401f-91f0-57ed95831974,aa4c8169-0742-4d80-813a-d14fbb5133bd,7cd4d25e-f97b-4449-9eda-6a4590249fdd,8928
67aa6149-6988-4fb9-b494-fe269ed5ea45,aa4c8169-0742-4d80-813a-d14fbb5133bd,33a64bc4-3c58-4561-a6ba-fe58c4ececc4,8928
fbc20a46-4df2-486d-80ae-5b556b6034ab,aa4c8169-0742-4d80-813a-d14fbb5133bd,151c5a52-830c-431d-88f6-4059c627c357,8928
8ffa0d62-0e6d-44a1-949f-2856fe9f7b8d,aa4c8169-0742-4d80-813a-d14fbb5133bd,2bf0e6a8-a208-4a0a-92fb-baeb3fde3184,8928
b60bda9b-ec8d-41d8-9f9b-af88fd273a62,aa4c8169-0742-4d80-813a-d14fbb5133bd,4f2f65b0-9f03-4c12-9137-600b40de011a,8928
54b9562f-2e65-46e6-932d-dbdb3fe46c80,aa4c8169-0742-4d80-813a-d14fbb5133bd,ab6798cb-4ced-40ab-af53-721bbe784fe3,8928
a9d9cdb7-22ed-409c-b792-c6a7740cacba,aa4c8169-0742-4d80-813a-d14fbb5133bd,70746c9d-9baf-484b-a95a-b9735e392b06,8928
fcaafc58-b5a9-4d51-ac75-872228574f4f,aa4c8169-0742-4d80-813a-d14fbb5133bd,f3893a81-9a2d-46b3-a4d6-a12766aac9c1,8928
1e7c4763-4542-45a0-b055-f8541ec69d0d,aa4c8169-0742-4d80-813a-d14fbb5133bd,f7e34c11-78ed-4d49-bc12-c462a36e8f5b,8928
dc92ce0f-ab89-475a-aeec-b11bc33ac98d,aa4c8169-0742-4d80-813a-d14fbb5133bd,943a2e0b-7399-4f7e-9fd2-77bcfc913d31,8928
1ffb343e-a298-4b61-8fc5-fbc5f41434aa,aa4c8169-0742-4d80-813a-d14fbb5133bd,317c7cdc-7af5-40bc-beab-899d5a9cde51,8928
1ac58099-883d-4940-be22-468df9f02b9d,aa4c8169-0742-4d80-813a-d14fbb5133bd,74534fe1-9098-4180-8f8f-609f848aa1ef,8928
3d421f82-aeca-44cc-8d9d-96b499e90dfe,aa4c8169-0742-4d80-813a-d14fbb5133bd,6cec69c8-d400-4431-9502-c0808a146513,8928
0ef1f9ed-ecd6-49ae-91cf-8029cd6f2a9b,aa4c8169-0742-4d80-813a-d14fbb5133bd,6d50ff1e-edfd-40f5-bbce-bb7757380e3c,8928
44eef345-9617-4750-b36e-904fef11342f,aa4c8169-0742-4d80-813a-d14fbb5133bd,ea4ffcc2-ded5-435f-b8ab-c6dbd6e0fb75,8928
3fa6d76a-e0b1-435c-acc6-78c714ac9a0f,aa4c8169-0742-4d80-813a-d14fbb5133bd,eef3414e-4689-476c-8f73-0664224bd5d6,8928
bc5256f9-abef-467f-85d2-557524cf8b90,aa4c8169-0742-4d80-813a-d14fbb5133bd,0c380b1b-b48f-47b2-8bd6-67b5bf24da2f,8928
4d6a736c-4727-4dba-bcad-24657077c473,aa4c8169-0742-4d80-813a-d14fbb5133bd,8777447e-bacc-4b8f-b92a-72cacfad3da0,8928
95e0773c-9ead-4b96-88d8-0b343b643661,aa4c8169-0742-4d80-813a-d14fbb5133bd,73da49cc-153d-49b9-adc7-3916f32face9,8928
0c1294f2-f5a5-4830-acc9-550cc4b1136c,aa4c8169-0742-4d80-813a-d14fbb5133bd,4bb61e22-be75-47fb-99c9-ca0536267639,8928
017bcbff-23e4-4352-bf58-59b27b014811,aa4c8169-0742-4d80-813a-d14fbb5133bd,0fd5ed76-a523-413a-a34c-2a1a5c120b3f,8928
d5942695-1b39-4b4e-b807-e245de3b4329,aa4c8169-0742-4d80-813a-d14fbb5133bd,517eb11b-8923-4a66-a883-3ece9dc6ae07,8928
87ca7c78-5104-4b48-a764-4b70e170114f,aa4c8169-0742-4d80-813a-d14fbb5133bd,6585161a-1dbb-4671-9cf2-8be0ca700cdd,8928
c5eae9a5-623d-40bd-a338-1d8d6097a032,aa4c8169-0742-4d80-813a-d14fbb5133bd,2f99968c-9190-4cd4-8dba-573cbb9895d3,8928
a70cd701-6779-48b1-a265-afd13f4bd0a2,aa4c8169-0742-4d80-813a-d14fbb5133bd,83e85cdc-5218-4daf-90c1-488447d9659b,8928
c39c963f-ac3f-4fb9-a05a-f5929abbdfc9,aa4c8169-0742-4d80-813a-d14fbb5133bd,3ffb62ec-0ca4-45d8-8d1f-16bec4deba1c,8928
41687bc4-1ce4-4330-9694-f58dc38b98ef,aa4c8169-0742-4d80-813a-d14fbb5133bd,1b4a38b7-ef53-4564-8cc1-8fb99efac52e,8928
4929bf5a-0134-4d4c-8b67-da4afba0c2cd,aa4c8169-0742-4d80-813a-d14fbb5133bd,32b59948-f8e1-42de-b3ba-d6444e39d1ae,8928
1c347a19-11ad-4e37-a3bf-d7f51c21919f,aa4c8169-0742-4d80-813a-d14fbb5133bd,70be8b7b-36f0-4a3d-b2d7-49b0f5bff802,8928
9095409b-f8c6-4f41-8217-03f034660158,aa4c8169-0742-4d80-813a-d14fbb5133bd,3b0be51e-ccf6-443f-b3c8-395c66759abe,8928
ab795e8c-c7c7-4da9-92b3-01040c10dbcd,aa4c8169-0742-4d80-813a-d14fbb5133bd,260822a5-38de-4642-9ce2-f3d50f952d25,8928
137014af-8b41-4ff3-b79d-818b387983b9,aa4c8169-0742-4d80-813a-d14fbb5133bd,351f0472-67a5-4316-930b-f4096ffdf8c5,8928
b5a85d19-0e6b-4858-8ad9-5623381fcc43,aa4c8169-0742-4d80-813a-d14fbb5133bd,f0dab44c-e511-4ed8-9436-d4ab1abed77f,8928
e81ad343-a3ed-4249-9605-a5e1e5f927ce,aa4c8169-0742-4d80-813a-d14fbb5133bd,6a9d503c-748e-44b7-aea5-65835c51ff6b,8928
2802fded-06dd-41a4-86e8-bd82a9db709e,aa4c8169-0742-4d80-813a-d14fbb5133bd,7eeb67c1-e05a-41c5-b819-423539f158f1,8928
7dd7fabe-c237-4215-9c10-48d2360cfcde,aa4c8169-0742-4d80-813a-d14fbb5133bd,543bcf21-ebf3-4098-9474-00e580c96a0f,8928
fcdcbcbe-2b90-4103-9d69-f2b8f20b5c6c,aa4c8169-0742-4d80-813a-d14fbb5133bd,92ec1b33-2fd8-4ec3-a4a4-1860861756d1,8928
85275349-ff0b-494e-948b-a33d8628b54c,aa4c8169-0742-4d80-813a-d14fbb5133bd,f4d42a8a-34e2-4bce-a251-db58cf0295d3,8928
d4d75082-ebae-4bc4-8328-90c3c25b091d,aa4c8169-0742-4d80-813a-d14fbb5133bd,ef2372ab-02d3-4344-9934-88bbecdf7881,8928
954ff07a-f11b-43b2-b256-2832786282d7,aa4c8169-0742-4d80-813a-d14fbb5133bd,fce29462-4317-4544-9cb3-ff8238bc6530,8928
0abe4920-f36b-4f2e-9b87-e117a059cf90,aa4c8169-0742-4d80-813a-d14fbb5133bd,58084a27-cf9f-4d44-b070-dcb27c3a6f02,8928
05aa328b-d2e8-457d-ae82-70a820db22f7,aa4c8169-0742-4d80-813a-d14fbb5133bd,9a4b2029-c405-49ee-b827-b40a4203bd22,8928
52ae8e28-b736-4299-b494-c77591d9150d,aa4c8169-0742-4d80-813a-d14fbb5133bd,9aeb3132-f278-431b-9d09-f3bba3145613,8928
62ce9bc5-684f-41a3-9e69-ab76769f83b5,aa4c8169-0742-4d80-813a-d14fbb5133bd,67cfac59-6594-49cf-bfaf-6824497c72e2,8928
dd73347f-9947-453d-9211-1c13b7c91ead,aa4c8169-0742-4d80-813a-d14fbb5133bd,62594348-3833-411b-8fed-81b2245d29c2,8928
1bd3a8e7-8759-4f75-b3be-0c7df7352031,aa4c8169-0742-4d80-813a-d14fbb5133bd,b3edd721-3b6b-4b9f-a98d-aacf668d2ee1,8928
9f54051a-7f3a-4652-92e0-196ea5c2fe41,aa4c8169-0742-4d80-813a-d14fbb5133bd,d865afb7-ff85-4c9b-bfd7-9a32f4664e34,8928
94d15bf2-5d13-413e-b551-af09d457bc69,aa4c8169-0742-4d80-813a-d14fbb5133bd,3363b2e6-6116-45f0-9e9d-d9ffd99c3f24,8960