id,refNo,department,subject,classification,createdBy,bodyHtml,fileUrl,createdAt,updatedAt,departmentHi,departmentTa
cd22391a-375a-4589-85eb-9931c32fabd2,TEST/RO/2026/01,IT DEPARTMENT,Implementation of Trilingual Letterhead System - தமிழ் - हिंदी,CONFIDENTIAL,Antigravity AI,"
                <p>Dear Stakeholders,</p>
                <p>This is a test document to verify the trilingual rendering of the internal letterhead system.</p>
                <p><strong>Tamil Test:</strong> இந்தியன் ஓவர்சீஸ் வங்கி - திண்டுக்கல் மண்டலம்.</p>
                <p><strong>Hindi Test:</strong> इंडियन ओवरसीज बैंक – डिंडीगुल क्षेत्र.</p>
                <p>The system utilizes Puppeteer and Handlebars to ensure vector-grade output and layout determinism.</p>
                <p>Regards,<br/>AI Assistant</p>
            ",/uploads/internal-notes/internal_note_cd22391a-375a-4589-85eb-9931c32fabd2.pdf,2026-02-27T06:22:02.431Z,2026-02-27T06:22:02.442Z,,
26abcb92-577b-4124-b75d-b0f019be9f12,RO/DGL/2025/01,Agri & Rural Initiatives Division,Subject here,INTERNAL,admin,"dfpgkdfg;ldkjgfjdfkjg
fd;gfjdlgkjfdkjgldkfjgd
f

dfgdfgdgdfgg

load

MacOS
download
Download for Apple Silicon
download
Download for Intel
Minimum Requirements
macOS versions with Apple security update support. This is typically the current and two previous versions. Min Version 12 (Monterey), X86 is not supported

Windows
download
Download for x64
download
Download for ARM",/uploads/internal-notes/internal_note_26abcb92-577b-4124-b75d-b0f019be9f12.pdf,2026-02-27T07:41:29.435Z,2026-02-27T07:41:29.477Z,कृषि और ग्रामीण पहल प्रभाग,விவசாயம் மற்றும் ஊரக முயற்சி பிரிவு
33e62b34-c92b-4440-aa6c-06e10a243ed7,ljnkjhjk,Agri & Rural Initiatives Division,jhkjhkgkkgkg,INTERNAL,System Administrator,"dfnjgldfhgdkflgjdlfkjg Speed up database writes with connection pools in 15+ regions
Enable highly scaleable and reliable serverless and edge workloads on managed infrastructure with full tenant isolation. Bring the connection pooler close to your database to decrease latencies.",/uploads/internal-notes/internal_note_33e62b34-c92b-4440-aa6c-06e10a243ed7.pdf,2026-02-27T07:42:02.395Z,2026-02-27T07:42:02.400Z,कृषि और ग्रामीण पहल प्रभाग,விவசாயம் மற்றும் ஊரக முயற்சி பிரிவு
51f21369-282d-4fe0-a532-6b0012dc6e73,ljnkjhjk,Agri & Rural Initiatives Division,jhkjhkgkkgkg,INTERNAL,System Administrator,"dfnjgldfhgdkflgjdlfkjg Speed up database writes with connection pools in 15+ regions
Enable highly scaleable and reliable serverless and edge workloads on managed infrastructure with full tenant isolation. Bring the connection pooler close to your database to decrease latencies.",/uploads/internal-notes/internal_note_51f21369-282d-4fe0-a532-6b0012dc6e73.pdf,2026-02-27T07:45:58.129Z,2026-02-27T07:45:58.137Z,कृषि और ग्रामीण पहल प्रभाग,விவசாயம் மற்றும் ஊரக முயற்சி பிரிவு
2d3248a4-908a-4daa-aac7-2f72682c82fe,kmljhljk,Agri & Rural Initiatives Division,"m.m,.m,",INTERNAL,System Administrator,",n,,nmn,n,mn",/uploads/internal-notes/internal_note_2d3248a4-908a-4daa-aac7-2f72682c82fe.pdf,2026-02-27T07:47:20.258Z,2026-02-27T07:47:20.263Z,कृषि और ग्रामीण पहल प्रभाग,விவசாயம் மற்றும் ஊரக முயற்சி பிரிவு
cc2896e4-c6c8-4827-bc8e-c6861bb92ccc,asdasd,Agri & Rural Initiatives Division,aasdasdasd,INTERNAL,System Administrator,asdasdasdasd,/uploads/internal-notes/internal_note_cc2896e4-c6c8-4827-bc8e-c6861bb92ccc.pdf,2026-02-27T07:59:09.784Z,2026-02-27T07:59:09.793Z,कृषि और ग्रामीण पहल प्रभाग,விவசாயம் மற்றும் ஊரக முயற்சி பிரிவு
346d302c-547c-4bd4-8a38-bdbd82cc42aa,jhjksdhfkjh,Human Resources Management Department,hkjhkshdfkh,INTERNAL,System Administrator,"ldsjfljskjflsfdjsf

Speed up database writes with connection pools in 15+ regions
Enable highly scaleable and reliable serverless and edge workloads on managed infrastructure with full tenant isolation. Bring the connection pooler close to your database to decrease latencies.Speed up database writes with connection pools in 15+ regions
Enable highly scaleable and reliable serverless and edge workloads on managed infrastructure with full tenant isolation. Bring the connection pooler close to your database to decrease latencies.

Speed up database writes with connection pools in 15+ regions
Enable highly scaleable and reliable serverless and edge workloads on managed infrastructure with full tenant isolation. Bring the connection pooler close to your database to decrease latencies.Speed up database writes with connection pools in 15+ regions
Enable highly scaleable and reliable serverless and edge workloads on managed infrastructure with full tenant isolation. Bring the connection pooler close to your database to decrease latencies.Speed up database writes with connection pools in 15+ regions
Enable highly scaleable and reliable serverless and edge workloads on managed infrastructure with full tenant isolation. Bring the connection pooler close to your database to decrease latencies.",/uploads/internal-notes/internal_note_346d302c-547c-4bd4-8a38-bdbd82cc42aa.pdf,2026-02-27T08:00:51.014Z,2026-02-27T08:00:51.021Z,मानव संसाधन प्रबंधन विभाग,மனித வள மேலாண்மைத் துறை
cd629f8c-c0a4-4957-ba5a-e9c49bfebe1b,sdfsdfsdf,Agri & Rural Initiatives Division,dsfsfdsf,INTERNAL,System Administrator,क्षेत्रक्षेत्रक्षेत्रक्षेत्रक्षेत्रक्षेत्रक्षेत्रक्षेत्रक्षेत्रक्षेत्रक्षेत्रक्षेत्रक्षेत्रक्षेत्रक्षेत्रक्षेत्रक्षेत्रक्षेत्रक्षेत्रक्षेत्रक्षेत्रक्षेत्रक्षेत्रक्षेत्रक्षेत्रक्षेत्रक्षेत्रक्षेत्रक्षेत्रक्षेत्रक्षेत्रक्षेत्रक्षेत्रक्षेत्रक्षेत्रक्षेत्रक्षेत्रक्षेत्रक्षेत्रक्षेत्रक्षेत्रक्षेत्रक्षेत्रक्षेत्रक्षेत्रक्षेत्रक्षेत्रक्षेत्रक्षेत्रक्षेत्रक्षेत्रक्षेत्रक्षेत्रक्षेत्रक्षेत्रक्षेत्रक्षेत्रक्षेत्रक्षेत्रक्षेत्रक्षेत्रक्षेत्रक्षेत्रक्षेत्र,/uploads/internal-notes/internal_note_cd629f8c-c0a4-4957-ba5a-e9c49bfebe1b.pdf,2026-02-27T08:10:29.348Z,2026-02-27T08:10:29.393Z,कृषि और ग्रामीण पहल प्रभाग,விவசாயம் மற்றும் ஊரக முயற்சி பிரிவு
f14238a0-20d9-4059-9420-912324025cd7,sdfsdfsdf,Agri & Rural Initiatives Division,dsfsfdsf,INTERNAL,System Administrator,"क्षेत्रक्षेत्रक्षेत्रक्षेत्रक्षेत्रक्षेत्रक्षेत्रक्षेत्रक्षेत्रक्षेत्रक्षेत्रक्षेत्रक्षेत्रक्षेत्रक्षेत्रक्षेत्रक्षेत्रक्षेत्रक्षेत्रक्षेत्रक्षेत्रक्षेत्रक्षेत्रक्षेत्रक्षेत्रक्षेत्रक्षेत्रक्षेत्रक्षेत्रक्षेत्रक्षेत्रक्षेत्रक्षेत्रक्षेत्रक्षेत्रक्षेत्रक्षेत्रक्षेत्रक्षेत्रक्षेत्रक्षेत्रक्षेत्रक्षेत्रक्षेत्रक्षेत्रक्षेत्रक्षेत्रक्षेत्रक्षेत्रक्षेत्रक्षेत्रक्षेत्रक्षेत्रक्षेत्रक्षेत्रक्षेत्रक्षेत्रक्षेत्रक्षेत्रक्षेत्रक्षेत्रक्षेत्रक्षेत्रक्षेत्र



khjkhjjkhkhkhkhjjkjhhkjkjhkhkhjkhjjkhkhkhkhjjkjhhkjkjhkhkhjkhjjkhkhkhkhjjkjhhkjkjhkhkhjkhjjkhkhkhkhjjkjhhkjkjhkhkhjkhjjkhkhkhkhjjkjhhkjkjhkhkhjkhjjkhkhkhkhjjkjhhkjkjhkhkhjkhjjkhkhkhkhjjkjhhkjkjhkhkhjkhjjkhkhkhkhjjkjhhkjkjhkhkhjkhjjkhkhkhkhjjkjhhkjkjhkhkhjkhjjkhkhkhkhjjkjhhkjkjhkhkhjkhjjkhkhkhkhjjkjhhkjkjhkhkhjkhjjkhkhkhkhjjkjhhkjkjhkhkhjkhjjkhkhkhkhjjkjhhkjkjhkhkhjkhjjkhkhkhkhjjkjhhkjkjhkhkhjkhjjkhkhkhkhjjkjhhkjkjhkhkhjkhjjkhkhkhkhjjkjhhkjkjhkhkhjkhjjkhkhkhkhjjkjhhkjkjhkhkhjkhjjkhkhkhkhjjkjhhkjkjhkhkhjkhjjkhkhkhkhjjkjhhkjkjhkhkhjkhjjkhkhkhkhjjkjhhkjkjhkhkhjkhjjkhkhkhkhjjkjhhkjkjhkhkhjkhjjkhkhkhkhjjkjhhkjkjhkhkhjkhjjkhkhkhkhjjkjhhkjkjhkh",/uploads/internal-notes/internal_note_f14238a0-20d9-4059-9420-912324025cd7.pdf,2026-02-27T08:16:39.447Z,2026-02-27T08:16:39.494Z,कृषि और ग्रामीण पहल प्रभाग,விவசாயம் மற்றும் ஊரக முயற்சி பிரிவு
3fd3304a-4cfe-41f8-abd8-2f50815b159f,sdfsdfsdf,Agri & Rural Initiatives Division,dsfsfdsf,INTERNAL,System Administrator,"क्षेत्रक्षेत्रक्षेत्रक्षेत्रक्षेत्रक्षेत्रक्षेत्रक्षेत्रक्षेत्रक्षेत्रक्षेत्रक्षेत्रक्षेत्रक्षेत्रक्षेत्रक्षेत्रक्षेत्रक्षेत्रक्षेत्रक्षेत्रक्षेत्रक्षेत्रक्षेत्रक्षेत्रक्षेत्रक्षेत्रक्षेत्रक्षेत्रक्षेत्रक्षेत्रक्षेत्रक्षेत्रक्षेत्रक्षेत्रक्षेत्रक्षेत्रक्षेत्रक्षेत्रक्षेत्रक्षेत्रक्षेत्रक्षेत्रक्षेत्रक्षेत्रक्षेत्रक्षेत्रक्षेत्रक्षेत्रक्षेत्रक्षेत्रक्षेत्रक्षेत्रक्षेत्रक्षेत्रक्षेत्रक्षेत्रक्षेत्रक्षेत्रक्षेत्रक्षेत्रक्षेत्रक्षेत्रक्षेत्रक्षेत्र



khjkhjjkhkhkhkhjjkjhhkjkjhkhkhjkhjjkhkhkhkhjjkjhhkjkjhkhkhjkhjjkhkhkhkhjjkjhhkjkjhkhkhjkhjjkhkhkhkhjjkjhhkjkjhkhkhjkhjjkhkhkhkhjjkjhhkjkjhkhkhjkhjjkhkhkhkhjjkjhhkjkjhkhkhjkhjjkhkhkhkhjjkjhhkjkjhkhkhjkhjjkhkhkhkhjjkjhhkjkjhkhkhjkhjjkhkhkhkhjjkjhhkjkjhkhkhjkhjjkhkhkhkhjjkjhhkjkjhkhkhjkhjjkhkhkhkhjjkjhhkjkjhkhkhjkhjjkhkhkhkhjjkjhhkjkjhkhkhjkhjjkhkhkhkhjjkjhhkjkjhkhkhjkhjjkhkhkhkhjjkjhhkjkjhkhkhjkhjjkhkhkhkhjjkjhhkjkjhkhkhjkhjjkhkhkhkhjjkjhhkjkjhkhkhjkhjjkhkhkhkhjjkjhhkjkjhkhkhjkhjjkhkhkhkhjjkjhhkjkjhkhkhjkhjjkhkhkhkhjjkjhhkjkjhkhkhjkhjjkhkhkhkhjjkjhhkjkjhkhkhjkhjjkhkhkhkhjjkjhhkjkjhkhkhjkhjjkhkhkhkhjjkjhhkjkjhkhkhjkhjjkhkhkhkhjjkjhhkjkjhkh",/uploads/internal-notes/internal_note_3fd3304a-4cfe-41f8-abd8-2f50815b159f.pdf,2026-02-27T08:22:28.178Z,2026-02-27T08:22:28.225Z,कृषि और ग्रामीण पहल प्रभाग,விவசாயம் மற்றும் ஊரக முயற்சி பிரிவு
c1c38adb-52f6-42b3-83af-0f896aa63094,"sd,mnf,dsnmf",Agri & Rural Initiatives Division,"sdmnf,sndmf,sf",INTERNAL,System Administrator,"Product
Use Cases
keyboard_arrow_down
Pricing
Blog
Resources
keyboard_arrow_down
Download
download
Home
Getting Started
Agent
Models
Agent Modes / Settings
Rules / Workflows
Skills
Task Groups
Browser Subagent
Strict Mode
Sandboxing
Tools
MCP
Artifacts
Task List
Implementation Plan
Walkthrough
Screenshots
Browser Recordings
Knowledge
Editor
Tab
Command
Agent Side Panel
Review Changes + Source Control
Agent Manager
Workspaces
Playground
Inbox
Conversation View
Browser Subagent View
Panes
Review Changes + Source Control
Changes Sidebar
Terminal
Files
Browser
Chrome Extension
Allowlist / Denylist
Separate Chrome Profile
Plans
Settings
FAQ
Home
>
Getting Started
Getting Started
Download
Please visit antigravity.google/download to download Google Antigravity.

macOS: macOS versions with Apple security update support. This is typically the current and two previous versions. Min Version 12 (Monterey), X86 is not supported
Windows: Windows 10 (64 bit)
Linux: glibc >= 2.28, glibcxx >= 3.4.25 (e.g. Ubuntu 20. Debian 10, Fedora 36, RHEL 8)
The application will prompt when updates are available:

Update Available
Basic Navigation
The Agent Manager can be opened from the Editor via the button on the top bar or via keyboard shortcut Cmd + E:

Editor Open Agent Manager
Similarly, from the Agent Manager, the Editor can be opened from any workspace via the “Focus Editor” option in the workspace’s drop down. When focused on a workspace, the Editor can be opened from any of the “Open Editor” buttons, or via the keyboard shortcut Cmd + E.

Agent Manager Open Editor
Home
Agent
On this Page
Getting Started
Download
Basic Navigation",/uploads/internal-notes/internal_note_c1c38adb-52f6-42b3-83af-0f896aa63094.pdf,2026-02-27T08:58:35.504Z,2026-02-27T08:58:35.513Z,कृषि और ग्रामीण पहल प्रभाग,விவசாயம் மற்றும் ஊரக முயற்சி பிரிவு
7665fde6-bff2-4e77-8d54-96ca545e3195,SDKML,Law Department,ljLJKLJKLJKKLK,INTERNAL,System Administrator,"C:\Users\63039\Videos\Projects\dindigul\public\assets\logo_center.svg


C:\Users\63039\Videos\Projects\dindigul\public\assets\logo_center.svgC:\Users\63039\Videos\Projects\dindigul\public\assets\logo_center.svg

C:\Users\63039\Videos\Projects\dindigul\public\assets\logo_center.svgC:\Users\63039\Videos\Projects\dindigul\public\assets\logo_center.svgC:\Users\63039\Videos\Projects\dindigul\public\assets\logo_center.svg
",/uploads/internal-notes/internal_note_7665fde6-bff2-4e77-8d54-96ca545e3195.pdf,2026-02-27T09:13:17.092Z,2026-02-27T09:13:17.099Z,कानून विभाग,சட்டத் துறை
4a5b1a3d-4196-4635-92f9-9282cb30d593,ljkj,Law Department,LJKljlkj,INTERNAL,System Administrator,"dsfsfkljs;kfj;sakjfkjasf;kjs;f

jlndsfl;jsljdfsjdfljsd
s;sdl


sad;fkllk;sadfjlsf",/uploads/internal-notes/internal_note_4a5b1a3d-4196-4635-92f9-9282cb30d593.pdf,2026-02-27T09:17:49.656Z,2026-02-27T09:17:49.660Z,कानून विभाग,சட்டத் துறை
9efc7412-e953-4f5b-b82a-c117b49abf20,kjhkhkhhjk,Agri & Rural Initiatives Division,kjhkhjkjhkjh,INTERNAL,System Administrator,"sknfjlsjdfljsldfjk
sdfsd;;fkjkldsf
sd'f;sd;f
sd


sdf
sd
fsdfklsjdklfjlsdjfjsdf
sdfklsdfjlsdkjfljsdfjsdf",/uploads/internal-notes/27_february_2026_kjhkhkhhjk.pdf,2026-02-27T09:28:00.502Z,2026-02-27T09:28:00.509Z,कृषि और ग्रामीण पहल प्रभाग,விவசாயம் மற்றும் ஊரக முயற்சி பிரிவு
746d151e-8a3e-49c8-8529-47e983ad9976,lkjelfkj,Agri & Rural Initiatives Division,lksjlsdjf,INTERNAL,System Administrator,skjksdjflkjsdlfjskdfj,/uploads/internal-notes/27_february_2026_lkjelfkj.pdf,2026-02-27T10:02:44.617Z,2026-02-27T10:02:44.625Z,कृषि और ग्रामीण पहल प्रभाग,விவசாயம் மற்றும் ஊரக முயற்சி பிரிவு
def1ada7-adac-41f6-89cf-6aaf4e582ec7,lskdjfjsflkj,Agri & Rural Initiatives Division,kljlksjfljlkj,INTERNAL,System Administrator,sfkvlfkjdglj,/uploads/internal-notes/27_february_2026_lskdjfjsflkj.pdf,2026-02-27T11:29:33.949Z,2026-02-27T11:29:33.956Z,कृषि और ग्रामीण पहल प्रभाग,விவசாயம் மற்றும் ஊரக முயற்சி பிரிவு
2839fcbd-8ef6-4bf3-b815-9bda0fd6a05c,lksjflkjs,Agri & Rural Initiatives Division,lkjddlkjglkj,INTERNAL,System Administrator,ldjkfgkljdlfkjgljkdflj,/uploads/internal-notes/27_february_2026_lksjflkjs.pdf,2026-02-27T15:06:10.977Z,2026-02-27T15:06:10.991Z,कृषि और ग्रामीण पहल प्रभाग,விவசாயம் மற்றும் ஊரக முயற்சி பிரிவு
e2aaed07-3994-425c-9534-6e1d59a6daa4,xjvhxkjhvkjx,Agri & Rural Initiatives Division,",nvljfdlghjdflgj",INTERNAL,SATISH PANDIAN S,lkfjsglkjdflkjglkjdflgkjkld,/uploads/internal-notes/16_march_2026_xjvhxkjhvkjx.pdf,2026-03-16T06:33:31.717Z,2026-03-16T06:33:31.732Z,कृषि और ग्रामीण पहल प्रभाग,விவசாயம் மற்றும் ஊரக முயற்சி பிரிவு